{
    "0": [0.92779, 0.87447, 0.85581, 0.91535, 1.06576, 1.21395, 1.28327, 1.2515, 1.13464, 1.02244, 0.92713, 0.86803, 0.84092, 0.8567, 0.90958, 1.00022, 1.10553, 1.18618, 1.2375, 1.25039, 1.2295, 1.17285, 1.0902],
    "1": [0.94253, 0.92241, 0.98659, 1.14871, 1.30843, 1.38314, 1.3489, 1.22294, 1.10201, 0.99928, 0.93558, 0.90637, 0.92337, 0.98036, 1.07807, 1.19157, 1.2785, 1.33381, 1.3477, 1.32519, 1.26413, 1.17505, 1.07783],
    "2": [0.97866, 1.04675, 1.21875, 1.38821, 1.46748, 1.43115, 1.29751, 1.16921, 1.06021, 0.99263, 0.96164, 0.97967, 1.04014, 1.1438, 1.26423, 1.35645, 1.41514, 1.42988, 1.406, 1.34121, 1.2467, 1.14355, 1.06098],
    "3": [1.06957, 1.24533, 1.41848, 1.49948, 1.46236, 1.3258, 1.1947, 1.08333, 1.01428, 0.98261, 1.00104, 1.06282, 1.16874, 1.2918, 1.38603, 1.446, 1.46106, 1.43666, 1.37046, 1.27388, 1.16848, 1.08411, 1.02181],
    "4": [1.16432, 1.32621, 1.40194, 1.36723, 1.23956, 1.11699, 1.01286, 0.9483, 0.91869, 0.93592, 0.99369, 1.09272, 1.20777, 1.29587, 1.35194, 1.36602, 1.3432, 1.28131, 1.19102, 1.09248, 1.01359, 0.95534, 0.93495],
    "5": [1.13905, 1.20409, 1.17428, 1.06462, 0.95935, 0.86992, 0.81447, 0.78903, 0.80384, 0.85345, 0.9385, 1.03732, 1.11299, 1.16114, 1.17323, 1.15364, 1.10048, 1.02293, 0.93829, 0.87054, 0.82051, 0.803, 0.85887],
    "6": [1.0571, 1.03093, 0.93466, 0.84224, 0.76373, 0.71504, 0.69272, 0.70571, 0.74927, 0.82394, 0.91069, 0.97712, 1.0194, 1.03001, 1.01281, 0.96614, 0.89806, 0.82376, 0.76428, 0.72035, 0.70498, 0.75403, 0.87793],
    "7": [0.97524, 0.88418, 0.79675, 0.72247, 0.67642, 0.6553, 0.66759, 0.7088, 0.77943, 0.8615, 0.92434, 0.96434, 0.97438, 0.9581, 0.91395, 0.84955, 0.77926, 0.72299, 0.68144, 0.6669, 0.7133, 0.83051, 0.94598],
    "8": [0.90662, 0.81697, 0.74081, 0.69359, 0.67193, 0.68454, 0.72679, 0.79922, 0.88337, 0.94781, 0.98882, 0.99911, 0.98242, 0.93716, 0.87112, 0.79904, 0.74135, 0.69874, 0.68383, 0.7314, 0.85159, 0.97, 1.02539],
    "9": [0.90112, 0.81711, 0.76503, 0.74114, 0.75504, 0.80165, 0.88154, 0.97435, 1.04543, 1.09066, 1.10202, 1.08361, 1.03368, 0.96084, 0.88134, 0.8177, 0.77071, 0.75426, 0.80674, 0.9393, 1.0699, 1.131, 1.103],
    "10": [0.90678, 0.84898, 0.82247, 0.8379, 0.88961, 0.97827, 1.08127, 1.16015, 1.21034, 1.22295, 1.20252, 1.14711, 1.06628, 0.97805, 0.90743, 0.85528, 0.83703, 0.89526, 1.04237, 1.18731, 1.25511, 1.22403, 1.10973],
    "11": [0.93626, 0.90702, 0.92404, 0.98107, 1.07884, 1.19243, 1.27942, 1.33477, 1.34867, 1.32614, 1.26504, 1.17589, 1.0786, 1.00072, 0.94321, 0.92308, 0.9873, 1.14953, 1.30937, 1.38414, 1.34987, 1.22382, 1.1028],
    "12": [0.96877, 0.98695, 1.04786, 1.15229, 1.27361, 1.36652, 1.42565, 1.44049, 1.41643, 1.35117, 1.25595, 1.15204, 1.06885, 1.00742, 0.98592, 1.05452, 1.2278, 1.39852, 1.47837, 1.44177, 1.30714, 1.17789, 1.06808],
    "13": [1.01876, 1.08164, 1.18943, 1.31466, 1.41057, 1.4716, 1.48692, 1.46209, 1.39472, 1.29643, 1.18917, 1.1033, 1.03989, 1.0177, 1.08851, 1.26737, 1.44359, 1.52602, 1.48824, 1.34927, 1.21585, 1.10251, 1.03223],
    "14": [1.06172, 1.16753, 1.29046, 1.3846, 1.4445, 1.45954, 1.43517, 1.36904, 1.27256, 1.16727, 1.08299, 1.02075, 0.99896, 1.06846, 1.24404, 1.41701, 1.49792, 1.46084, 1.32443, 1.19346, 1.08221, 1.01323, 0.98159],
    "15": [1.09966, 1.21544, 1.3041, 1.36053, 1.37469, 1.35173, 1.28945, 1.19858, 1.09941, 1.02003, 0.96141, 0.94089, 1.00635, 1.17171, 1.33464, 1.41084, 1.37592, 1.24743, 1.12408, 1.0193, 0.95432, 0.92452, 0.94187],
    "16": [1.10529, 1.18592, 1.23723, 1.25011, 1.22923, 1.17259, 1.08996, 0.99978, 0.92759, 0.87428, 0.85562, 0.91515, 1.06553, 1.21368, 1.28299, 1.25122, 1.13438, 1.02221, 0.92692, 0.86784, 0.84074, 0.85651, 0.90937],
    "17": [1.07295, 1.11937, 1.13103, 1.11214, 1.06089, 0.98613, 0.90454, 0.83923, 0.791, 0.77412, 0.82797, 0.96403, 1.09807, 1.16077, 1.13203, 1.02633, 0.92484, 0.83863, 0.78517, 0.76065, 0.77492, 0.82275, 0.90474],
    "18": [1.04327, 1.05413, 1.03652, 0.98876, 0.91909, 0.84304, 0.78217, 0.73722, 0.72148, 0.77168, 0.89848, 1.02341, 1.08185, 1.05507, 0.95655, 0.86196, 0.78161, 0.73178, 0.70893, 0.72223, 0.76681, 0.84323, 0.93201],
    "19": [1.01041, 0.99354, 0.94776, 0.88097, 0.80808, 0.74973, 0.70664, 0.69156, 0.73968, 0.86122, 0.98097, 1.03698, 1.01131, 0.91688, 0.82621, 0.74919, 0.70144, 0.67953, 0.69228, 0.73501, 0.80826, 0.89336, 0.95853],
    "20": [0.9833, 0.93799, 0.87189, 0.79975, 0.742, 0.69936, 0.68443, 0.73205, 0.85235, 0.97086, 1.0263, 1.00089, 0.90743, 0.8177, 0.74147, 0.69421, 0.67253, 0.68515, 0.72743, 0.79993, 0.88415, 0.94865, 0.98969],
    "21": [0.95392, 0.8867, 0.81334, 0.75461, 0.71124, 0.69606, 0.74449, 0.86682, 0.98735, 1.04373, 1.01789, 0.92284, 0.83159, 0.75407, 0.706, 0.68395, 0.69678, 0.73979, 0.81352, 0.89917, 0.96476, 1.00651, 1.01699],
    "22": [0.92953, 0.85262, 0.79106, 0.7456, 0.72968, 0.78045, 0.90869, 1.03504, 1.09415, 1.06706, 0.96742, 0.87176, 0.79049, 0.7401, 0.71699, 0.73044, 0.77553, 0.85281, 0.9426, 1.01137, 1.05512, 1.06611, 1.0483],
    "23": [0.91726, 0.85103, 0.80212, 0.785, 0.83962, 0.97758, 1.11351, 1.17709, 1.14795, 1.04076, 0.93784, 0.85042, 0.79621, 0.77135, 0.78582, 0.83432, 0.91747, 1.01406, 1.08804, 1.13511, 1.14693, 1.12778, 1.07581]
}
